vinko@gmail.com,poi
shdcld@gmail.com,dfdfd
vinkoooo@gmail.com,aaaaaa
vinkoooo@gmail.com,aaaaaa
vinkoooo@gmail.com,asssss
vinko@gmail.com,qqq
vinko@gmail.com,poiuz
vinko@gmail.com,vinko
vinko@gmail.com,vinko
vinko@gmail.com,vinko
vinko@gmail.com,vinko
vinko@gmail.com,vinko
vinko@gmail.com,vinko
vinko@gmail.com,vinko
vinko@gmail.com,vinko
vinko@gmail.com,vinko
vinko@gmail.com,vinko
vinko@gmail.com,vinko
vinko@gmail.com,vinko
vinko@gmail.com,vinko
vinko@gmail.com,vinko
vinko@gmail.com,vinko
vinko@gmail.com,vinko
vinko@gmail.com,vinko
vinko@gmail.com,vinko
vinkob@gmail.com,vinko
vinko@gmail.com,vinko
vinko@gmail.com,vinko
vinkojhkj@gmail.com,vinkohjbmmbm
vinko@gmail.com,vinko
vinko@gmail.com,vinko
vinko@gmail.com,vinko
vinko@gmail.com,vinko
vinkq@gmail.com,lkj
elyes.naitliman@gmail.com,111
